Buddha Rajkumar,b-rajkumar,aoc-2015
Vidita Kumari,kvidita,vending-machine
Rishabh Rawat,lordeadroid,vending-machine
Manjeet Sharma,manjeetsharma0796,advent-of-code-2015
Gourab Porey,gourabporey,vending-machine
Riya Ghosal,GlitchRemo,advent-of-code
Sauma Saha,SaumaSaha,vending-machine
Debdutta Mondal,m-debdutta,vending-machine
Milan Chakraborty,MilanChakraborty,vending-machine
Sourov Kr Halder,SourovKH,vending-machine
Utsab Bera,nCoder24,vending-machine
Biswajit Sen,BiswajitSen,vending-machine
Swagato Chakraborty,Swagato1024,vending-machine
Bittu,bittukumarthakur,vending-machine
Mohd Qasim,mohdqasim02,vending-machine